[
  {
    "quote": "Life isn't about getting and having, it's about giving and being.",
    "source": "Kevin Kruse"
  },
  {
    "quote": "Whatever the mind of man can conceive and believe, it can achieve.",
    "source": "Napoleon Hill"
  },
  {
    "quote": "Strive not to be a success, but rather to be of value.",
    "source": "Albert Einstein"
  },
  {
    "quote": "Two roads diverged in a wood, and I—I took the one less traveled by, And that has made all the difference.",
    "source": "Robert Frost"
  },
  {
    "quote": "I attribute my success to this: I never gave or took any excuse.",
    "source": "Florence Nightingale"
  },
  {
    "quote": "You miss 100% of the shots you don't take.",
    "source": "Wayne Gretzky"
  },
  {
    "quote": "I've missed more than 9000 shots in my career. I've lost almost 300 games. 26 times I've been trusted to take the game winning shot and missed. I've failed over and over and over again in my life. And that is why I succeed.",
    "source": "Michael Jordan"
  },
  {
    "quote": "The most difficult thing is the decision to act, the rest is merely tenacity.",
    "source": "Amelia Earhart"
  },
  {
    "quote": "Every strike brings me closer to the next home run.",
    "source": "Babe Ruth"
  },
  {
    "quote": "Definiteness of purpose is the starting point of all achievement.",
    "source": "W. Clement Stone"
  },
  {
    "quote": "We must balance conspicuous consumption with conscious capitalism.",
    "source": "Kevin Kruse"
  },
  {
    "quote": "Life is what happens to you while you're busy making other plans.",
    "source": "John Lennon"
  },
  {
    "quote": "We become what we think about.",
    "source": "Earl Nightingale"
  },
  {
    "quote": "Twenty years from now you will be more disappointed by the things that you didn't do than by the ones you did do, so throw off the bowlines, sail away from safe harbor, catch the trade winds in your sails.  Explore, Dream, Discover.",
    "source": "Mark Twain"
  },
  {
    "quote": "Life is 10% what happens to me and 90% of how I react to it.",
    "source": "Charles Swindoll"
  },
  {
    "quote": "The most common way people give up their power is by thinking they don't have any.",
    "source": "Alice Walker"
  },
  {
    "quote": "The mind is everything. What you think you become.",
    "source": "Buddha"
  },
  {
    "quote": "The best time to plant a tree was 20 years ago. The second best time is now.",
    "source": "Chinese Proverb"
  },
  {
    "quote": "An unexamined life is not worth living.",
    "source": "Socrates"
  },
  {
    "quote": "Eighty percent of success is showing up.",
    "source": "Woody Allen"
  },
  {
    "quote": "Your time is limited, so don't waste it living someone else's life.",
    "source": "Steve Jobs"
  },
  {
    "quote": "Winning isn't everything, but wanting to win is.",
    "source": "Vince Lombardi"
  },
  {
    "quote": "I am not a product of my circumstances. I am a product of my decisions.",
    "source": "Stephen Covey"
  },
  {
    "quote": "Every child is an artist.  The problem is how to remain an artist once he grows up.",
    "source": "Pablo Picasso"
  },
  {
    "quote": "You can never cross the ocean until you have the courage to lose sight of the shore.",
    "source": "Christopher Columbus"
  },
  {
    "quote": "I've learned that people will forget what you said, people will forget what you did, but people will never forget how you made them feel.",
    "source": "Maya Angelou"
  },
  {
    "quote": "Either you run the day, or the day runs you.",
    "source": "Jim Rohn"
  },
  {
    "quote": "Whether you think you can or you think you can't, you're right.",
    "source": "Henry Ford"
  },
  {
    "quote": "The two most important days in your life are the day you are born and the day you find out why.",
    "source": "Mark Twain"
  },
  {
    "quote": "Whatever you can do, or dream you can, begin it.  Boldness has genius, power and magic in it.",
    "source": "Johann Wolfgang von Goethe"
  },
  {
    "quote": "The best revenge is massive success.",
    "source": "Frank Sinatra"
  },
  {
    "quote": "People often say that motivation doesn't last. Well, neither does bathing.  That's why we recommend it daily.",
    "source": "Zig Ziglar"
  },
  {
    "quote": "Life shrinks or expands in proportion to one's courage.",
    "source": "Anais Nin"
  },
  {
    "quote": "If you hear a voice within you say “you cannot paint,” then by all means paint and that voice will be silenced.",
    "source": "Vincent Van Gogh"
  },
  {
    "quote": "There is only one way to avoid criticism: do nothing, say nothing, and be nothing.",
    "source": "Aristotle"
  },
  {
    "quote": "Ask and it will be given to you; search, and you will find; knock and the door will be opened for you.",
    "source": "Jesus"
  },
  {
    "quote": "The only person you are destined to become is the person you decide to be.",
    "source": "Ralph Waldo Emerson"
  },
  {
    "quote": "Go confidently in the direction of your dreams.  Live the life you have imagined.",
    "source": "Henry David Thoreau"
  },
  {
    "quote": "When I stand before God at the end of my life, I would hope that I would not have a single bit of talent left and could say, I used everything you gave me.",
    "source": "Erma Bombeck"
  },
  {
    "quote": "Few things can help an individual more than to place responsibility on him, and to let him know that you trust him.",
    "source": "Booker T. Washington"
  },
  {
    "quote": "Certain things catch your eye, but pursue only those that capture the heart.",
    "source": " Ancient Indian Proverb"
  },
  {
    "quote": "Believe you can and you're halfway there.",
    "source": "Theodore Roosevelt"
  },
  {
    "quote": "Everything you've ever wanted is on the other side of fear.",
    "source": "George Addair"
  },
  {
    "quote": "We can easily forgive a child who is afraid of the dark; the real tragedy of life is when men are afraid of the light.",
    "source": "Plato"
  },
  {
    "quote": "Teach thy tongue to say, “I do not know,” and thous shalt progress.",
    "source": "Maimonides"
  },
  {
    "quote": "Start where you are. Use what you have.  Do what you can.",
    "source": "Arthur Ashe"
  },
  {
    "quote": "When I was 5 years old, my mother always told me that happiness was the key to life.  When I went to school, they asked me what I wanted to be when I grew up.  I wrote down ‘happy'.  They told me I didn't understand the assignment, and I told them they didn't understand life.",
    "source": "John Lennon"
  },
  {
    "quote": "Fall seven times and stand up eight.",
    "source": "Japanese Proverb"
  },
  {
    "quote": "When one door of happiness closes, another opens, but often we look so long at the closed door that we do not see the one that has been opened for us.",
    "source": "Helen Keller"
  },
  {
    "quote": "Everything has beauty, but not everyone can see.",
    "source": "Confucius"
  },
  {
    "quote": "How wonderful it is that nobody need wait a single moment before starting to improve the world.",
    "source": "Anne Frank"
  },
  {
    "quote": "When I let go of what I am, I become what I might be.",
    "source": "Lao Tzu"
  },
  {
    "quote": "Life is not measured by the number of breaths we take, but by the moments that take our breath away.",
    "source": "Maya Angelou"
  },
  {
    "quote": "Happiness is not something readymade.  It comes from your own actions.",
    "source": "Dalai Lama"
  },
  {
    "quote": "If you're offered a seat on a rocket ship, don't ask what seat! Just get on.",
    "source": "Sheryl Sandberg"
  },
  {
    "quote": "First, have a definite, clear practical ideal; a goal, an objective. Second, have the necessary means to achieve your ends; wisdom, money, materials, and methods. Third, adjust all your means to that end.",
    "source": "Aristotle"
  },
  {
    "quote": "If the wind will not serve, take to the oars.",
    "source": "Latin Proverb"
  },
  {
    "quote": "You can't fall if you don't climb.  But there's no joy in living your whole life on the ground.",
    "source": "Unknown"
  },
  {
    "quote": "We must believe that we are gifted for something, and that this thing, at whatever cost, must be attained.",
    "source": "Marie Curie"
  },
  {
    "quote": "Too many of us are not living our dreams because we are living our fears.",
    "source": "Les Brown"
  },
  {
    "quote": "Challenges are what make life interesting and overcoming them is what makes life meaningful.",
    "source": "Joshua J. Marine"
  },
  {
    "quote": "If you want to lift yourself up, lift up someone else.",
    "source": "Booker T. Washington"
  },
  {
    "quote": "I have been impressed with the urgency of doing. Knowing is not enough; we must apply. Being willing is not enough; we must do.",
    "source": "Leonardo da Vinci"
  },
  {
    "quote": "Limitations live only in our minds.  But if we use our imaginations, our possibilities become limitless.",
    "source": "Jamie Paolinetti"
  },
  {
    "quote": "You take your life in your own hands, and what happens? A terrible thing, no one to blame.",
    "source": "Erica Jong"
  },
  {
    "quote": "What's money? A man is a success if he gets up in the morning and goes to bed at night and in between does what he wants to do.",
    "source": "Bob Dylan"
  },
  {
    "quote": "I didn't fail the test. I just found 100 ways to do it wrong.",
    "source": "Benjamin Franklin"
  },
  {
    "quote": "In order to succeed, your desire for success should be greater than your fear of failure.",
    "source": "Bill Cosby"
  },
  {
    "quote": "A person who never made a mistake never tried anything new.",
    "source": " Albert Einstein"
  },
  {
    "quote": "The person who says it cannot be done should not interrupt the person who is doing it.",
    "source": "Chinese Proverb"
  },
  {
    "quote": "There are no traffic jams along the extra mile.",
    "source": "Roger Staubach"
  },
  {
    "quote": "It is never too late to be what you might have been.",
    "source": "George Eliot"
  },
  {
    "quote": "You become what you believe.",
    "source": "Oprah Winfrey"
  },
  {
    "quote": "I would rather die of passion than of boredom.",
    "source": "Vincent van Gogh"
  },
  {
    "quote": "A truly rich man is one whose children run into his arms when his hands are empty.",
    "source": "Unknown"
  },
  {
    "quote": "It is not what you do for your children, but what you have taught them to do for themselves, that will make them successful human beings.",
    "source": "Ann Landers"
  },
  {
    "quote": "If you want your children to turn out well, spend twice as much time with them, and half as much money.",
    "source": "Abigail Van Buren"
  },
  {
    "quote": "Build your own dreams, or someone else will hire you to build theirs.",
    "source": "Farrah Gray"
  },
  {
    "quote": "The battles that count aren't the ones for gold medals. The struggles within yourself–the invisible battles inside all of us–that's where it's at.",
    "source": "Jesse Owens"
  },
  {
    "quote": "Education costs money.  But then so does ignorance.",
    "source": "Sir Claus Moser"
  },
  {
    "quote": "I have learned over the years that when one's mind is made up, this diminishes fear.",
    "source": "Rosa Parks"
  },
  {
    "quote": "It does not matter how slowly you go as long as you do not stop.",
    "source": "Confucius"
  },
  {
    "quote": "If you look at what you have in life, you'll always have more. If you look at what you don't have in life, you'll never have enough.",
    "source": "Oprah Winfrey"
  },
  {
    "quote": "Remember that not getting what you want is sometimes a wonderful stroke of luck.",
    "source": "Dalai Lama"
  },
  {
    "quote": "You can't use up creativity.  The more you use, the more you have.",
    "source": "Maya Angelou"
  },
  {
    "quote": "Dream big and dare to fail.",
    "source": "Norman Vaughan"
  },
  {
    "quote": "Our lives begin to end the day we become silent about things that matter.",
    "source": "Martin Luther King Jr."
  },
  {
    "quote": "Do what you can, where you are, with what you have.",
    "source": "Teddy Roosevelt"
  },
  {
    "quote": "If you do what you've always done, you'll get what you've always gotten.",
    "source": "Tony Robbins"
  },
  {
    "quote": "Dreaming, after all, is a form of planning.",
    "source": "Gloria Steinem"
  },
  {
    "quote": "It's your place in the world; it's your life. Go on and do all you can with it, and make it the life you want to live.",
    "source": "Mae Jemison"
  },
  {
    "quote": "You may be disappointed if you fail, but you are doomed if you don't try.",
    "source": "Beverly Sills"
  },
  {
    "quote": "Remember no one can make you feel inferior without your consent.",
    "source": "Eleanor Roosevelt"
  },
  {
    "quote": "Life is what we make it, always has been, always will be.",
    "source": "Grandma Moses"
  },
  {
    "quote": "The question isn't who is going to let me; it's who is going to stop me.",
    "source": "Ayn Rand"
  },
  {
    "quote": "When everything seems to be going against you, remember that the airplane takes off against the wind, not with it.",
    "source": "Henry Ford"
  },
  {
    "quote": "It's not the years in your life that count. It's the life in your years.",
    "source": "Abraham Lincoln"
  },
  {
    "quote": "Change your thoughts and you change your world.",
    "source": "Norman Vincent Peale"
  },
  {
    "quote": "Either write something worth reading or do something worth writing.",
    "source": "Benjamin Franklin"
  },
  {
    "quote": "Nothing is impossible, the word itself says, “I'm possible!”",
    "source": "–Audrey Hepburn"
  },
  {
    "quote": "The only way to do great work is to love what you do.",
    "source": "Steve Jobs"
  },
  {
    "quote": "If you can dream it, you can achieve it.",
    "source": "Zig Ziglar"
  }
]
